epoch,model,precision_avg,recall_avg,f1_avg
25,bidirectional_hidden-64_emb-100,0.19789382534227826,0.13368285375372918,0.15282842661217982
25,bidirectional_hidden-128_emb-100,0.17284763132056932,0.12044443123695654,0.1361919832381185
25,bidirectional_hidden-256_emb-100,0.15815247777232264,0.11802925262976745,0.12979890213440917
25,single_hidden-64_emb-100,0.19477803005509137,0.12755722584975096,0.14776932650923305
25,Single_hidden-128_emb-100,0.19328516200294463,0.12369399405481814,0.14517679948613005
25,single_hidden-256_emb-100,0.15851077974144945,0.1164877004438853,0.12829817406544572
-,random,0.000859106529209622,8.673671689135607e-05,0.0001568210331096929
