epoch,model,precision_avg,recall_avg,f1_avg
25,bidirectional_hidden-64_emb-100,0.037693298969072205,0.024885638416566314,0.02856415612402096
25,bidirectional_hidden-128_emb-100,0.031803305514645754,0.021202140499820957,0.024299359372749147
25,bidirectional_hidden-256_emb-100,0.026828669612174793,0.01940228895770136,0.021466894893572935
25,single_hidden-64_emb-100,0.03560774968635798,0.024034217977517005,0.027410525130834102
25,Single_hidden-128_emb-100,0.02922240631647852,0.018458207504599276,0.021831397972240898
25,single_hidden-256_emb-100,0.021280955108274734,0.01592573377367193,0.01739247268645069
-,random,0.0,0.0,0.0
