epoch,model,precision_avg,recall_avg,f1_avg
25,bidirectional_hidden-64_emb-100,0.20927272541318834,0.14202075845116988,0.16209669041119978
25,bidirectional_hidden-128_emb-100,0.18723152920962166,0.13081689692514376,0.1478915876522069
25,bidirectional_hidden-256_emb-100,0.16998326105929143,0.12669902286525958,0.1394890037984144
25,single_hidden-64_emb-100,0.2038059782905137,0.1336515825240046,0.15481026244317836
25,Single_hidden-128_emb-100,0.20671194021709396,0.1323223275865021,0.15531365684199566
25,single_hidden-256_emb-100,0.16920290596192608,0.1245629454070167,0.13711798420573312
-,random,0.000429553264604811,3.5796105383734245e-05,6.60851176315094e-05
